dataset,source,variables,start_date,end_date,resolution,format,coverage,download_status,quality,model_usage
MOSDAC_INSAT3DR_LST,ISRO MOSDAC,Sea Surface Temperature (SST),2016-09-08,2026-NRT,4.0 km,HDF5 (.h5),"Indian Ocean (0-40N, 40-110E)",CACHED (5 files),Level-2B Validated Thermal Radiance,"Disaster, Weather, PFZ"
MOSDAC_INSAT3DR_HEM,ISRO MOSDAC,Hydro-Estimator Rainfall Rate (mm/h),2016-09-08,2026-NRT,4.0 km,HDF5 (.h5),Indian Ocean & South Asia,CACHED (6 files),Level-2B Hydro-Estimator Precipitation,"Disaster, Weather"
MOSDAC_INSAT3DR_OLR,ISRO MOSDAC,"Outgoing Longwave Radiation (OLR, W/m2)",2016-09-08,2026-NRT,4.0 km,HDF5 (.h5),Indian Ocean & South Asia,CACHED (6 files),Level-2B Deep Convection Proxy,Disaster
MOSDAC_INSAT3DR_CTP,ISRO MOSDAC,"Cloud Top Pressure (CTP, hPa), Cloud Top Temp",2016-09-08,2026-NRT,4.0 km,HDF5 (.h5),Indian Ocean,CACHED (9 files),Level-2B Atmospheric Barometric Layer,"Weather, Disaster"
MOSDAC_OCEANSAT3_OCM,ISRO MOSDAC,"Chlorophyll-a (mg/m3), Kd490 Turbidity, TSM",2022-11-26,2026-NRT,1.0 km / 360m,HDF5 (.h5),Arabian Sea & Bay of Bengal,CACHED (1 files),Level-2B Ocean Color Radiometry,PFZ
MOSDAC_OCEANSAT3_OSCAT,ISRO MOSDAC,10m Ocean Surface Wind Speed & Direction,2022-11-26,2026-NRT,25 km / 50 km swath,HDF5 (.h5),Indian Ocean Basin,CACHED (1 files),Level-2B Scatterometer Wind Vectors,"Weather, Disaster, PFZ"
MOSDAC_SARAL_SWH,ISRO / CNES MOSDAC,"Significant Wave Height (SWH, m), Wind Speed",2013-02-25,2026-NRT,Along-track 1 Hz (~7 km),HDF5 (.h5),Indian Ocean Basin,CACHED (1 files),Level-2P Altimeter Significant Wave Height,"Weather, Disaster"
COPERNICUS_MARINE_CMEMS_PHYSICS,Copernicus Marine Service,"Potential Temperature (thetao/SST), Currents (uo, vo), Sea Level (zos)",2005-01-01,2026-NRT,0.083 deg (~9 km),NetCDF4 (.nc),"India Bounding Box (0-25N, 65-97E)",CACHED (1 files),Level-4 Multi-Mission Reanalysis / Physics,"Weather, PFZ, Disaster"
NOAA_NCEI_IBTRACS_NORTH_INDIAN_OCEAN,NOAA / NCEI / IMD,"Cyclone Tracks, Central Pressure, Sustained Wind Speed, Category",2005-01-01,2025-12-31,3-hourly / 6-hourly temporal tracks,CSV / NetCDF,North Indian Ocean (Bay of Bengal & Arabian Sea),VERIFIED_ACCESSIBLE,Authoritative Official Best Track (WMO),Disaster (Ground Truth)
GEBCO_INDIAN_BATHYMETRY,GEBCO / INCOIS / GIS Agent,"Bathymetry Depth (m), Distance to Coast (nm), Seabed Slope",2005-01-01,2026-NRT,0.05 deg (~5 km),GeoTIFF / GeoJSON / NetCDF,Indian EEZ & Territorial Waters,LOCAL_BUILTIN,Standard Maritime Bathymetric Model,"PFZ, Disaster"
